Region,Market,Raw Material,Images,Quoted Value,Purchased Value,Quoted Date,Purchased Date,Purchased_Date,Country Image
Brazil,Fareway,Wheat,OIP.MfnNF17gaqwFk2cCqbxzOAHaD4 (474×248) (bing.com),670,660,12/1/2020,12/1/2020,12/1/2020,
Brazil,Fareway,Wheat,OIP.MfnNF17gaqwFk2cCqbxzOAHaD4 (474×248) (bing.com),580,640,11/1/2020,10/1/2020,10/1/2020,
Brazil,Fareway,Wheat,OIP.MfnNF17gaqwFk2cCqbxzOAHaD4 (474×248) (bing.com),700,620,8/1/2020,8/1/2020,8/1/2020,
Brazil,Fareway,Wheat,OIP.MfnNF17gaqwFk2cCqbxzOAHaD4 (474×248) (bing.com),660,630,6/1/2020,6/1/2020,6/1/2020,
Brazil,Fareway,Wheat,OIP.MfnNF17gaqwFk2cCqbxzOAHaD4 (474×248) (bing.com),660,610,4/1/2020,4/1/2020,4/1/2020,
Brazil,Fareway,Wheat,OIP.MfnNF17gaqwFk2cCqbxzOAHaD4 (474×248) (bing.com),560,615,2/1/2020,2/1/2020,2/1/2020,
Brazil,Fareway,Wheat,OIP.MfnNF17gaqwFk2cCqbxzOAHaD4 (474×248) (bing.com),800,580,12/1/2019,12/1/2019,12/1/2019,
Brazil,Fareway,Wheat,OIP.MfnNF17gaqwFk2cCqbxzOAHaD4 (474×248) (bing.com),660,596,10/1/2019,10/1/2019,10/1/2019,
Brazil,Fareway,Wheat,OIP.MfnNF17gaqwFk2cCqbxzOAHaD4 (474×248) (bing.com),550,610,8/1/2019,8/1/2019,8/1/2019,
Brazil,Fareway,Wheat,OIP.MfnNF17gaqwFk2cCqbxzOAHaD4 (474×248) (bing.com),643,650,6/1/2019,6/1/2019,6/1/2019,
Brazil,Fareway,Wheat,OIP.MfnNF17gaqwFk2cCqbxzOAHaD4 (474×248) (bing.com),780,680,4/1/2019,4/1/2019,4/1/2019,
Brazil,Fareway,Wheat,OIP.MfnNF17gaqwFk2cCqbxzOAHaD4 (474×248) (bing.com),660,650,2/1/2019,2/1/2019,2/1/2019,
Brazil,Fareway,Wheat,OIP.MfnNF17gaqwFk2cCqbxzOAHaD4 (474×248) (bing.com),560,620,12/1/2018,12/1/2018,12/1/2018,
Brazil,Fareway,Wheat,OIP.MfnNF17gaqwFk2cCqbxzOAHaD4 (474×248) (bing.com),660,610,10/1/2018,10/1/2018,10/1/2018,
Brazil,Fareway,Wheat,OIP.MfnNF17gaqwFk2cCqbxzOAHaD4 (474×248) (bing.com),660,540,8/1/2018,8/1/2018,8/1/2018,
Brazil,Fareway,Wheat,OIP.MfnNF17gaqwFk2cCqbxzOAHaD4 (474×248) (bing.com),450,530,6/1/2018,6/1/2018,6/1/2018,
Brazil,Fareway,Wheat,OIP.MfnNF17gaqwFk2cCqbxzOAHaD4 (474×248) (bing.com),660,450,4/1/2018,4/1/2018,4/1/2018,
Brazil,Fareway,Egg,OIP.QmZi4NF0oneSBemVOlJD6QHaFj (318×270) (bing.com),300,300,12/1/2020,12/1/2020,12/1/2020,
Brazil,Fareway,Egg,OIP.QmZi4NF0oneSBemVOlJD6QHaFj (318×270) (bing.com),400,340,11/1/2020,10/1/2020,10/1/2020,
Brazil,Fareway,Egg,OIP.QmZi4NF0oneSBemVOlJD6QHaFj (318×270) (bing.com),350,280,8/1/2020,8/1/2020,8/1/2020,
Brazil,Fareway,Egg,OIP.QmZi4NF0oneSBemVOlJD6QHaFj (318×270) (bing.com),400,278,6/1/2020,6/1/2020,6/1/2020,
Brazil,Fareway,Egg,OIP.QmZi4NF0oneSBemVOlJD6QHaFj (318×270) (bing.com),400,310,4/1/2020,4/1/2020,4/1/2020,
Brazil,Fareway,Egg,OIP.QmZi4NF0oneSBemVOlJD6QHaFj (318×270) (bing.com),250,290,2/1/2020,2/1/2020,2/1/2020,
Brazil,Fareway,Egg,OIP.QmZi4NF0oneSBemVOlJD6QHaFj (318×270) (bing.com),400,290,12/1/2019,12/1/2019,12/1/2019,
Brazil,Fareway,Egg,OIP.QmZi4NF0oneSBemVOlJD6QHaFj (318×270) (bing.com),267,370,10/1/2019,10/1/2019,10/1/2019,
Brazil,Fareway,Egg,OIP.QmZi4NF0oneSBemVOlJD6QHaFj (318×270) (bing.com),400,250,8/1/2019,8/1/2019,8/1/2019,
Brazil,Fareway,Egg,OIP.QmZi4NF0oneSBemVOlJD6QHaFj (318×270) (bing.com),256,201,6/1/2019,6/1/2019,6/1/2019,
Brazil,Fareway,Egg,OIP.QmZi4NF0oneSBemVOlJD6QHaFj (318×270) (bing.com),400,180,4/1/2019,4/1/2019,4/1/2019,
Brazil,Fareway,Egg,OIP.QmZi4NF0oneSBemVOlJD6QHaFj (318×270) (bing.com),400,200,2/1/2019,2/1/2019,2/1/2019,
Brazil,Fareway,Egg,OIP.QmZi4NF0oneSBemVOlJD6QHaFj (318×270) (bing.com),400,350,12/1/2018,12/1/2018,12/1/2018,
Brazil,Fareway,Egg,OIP.QmZi4NF0oneSBemVOlJD6QHaFj (318×270) (bing.com),378,300,10/1/2018,10/1/2018,10/1/2018,
Brazil,Fareway,Egg,OIP.QmZi4NF0oneSBemVOlJD6QHaFj (318×270) (bing.com),400,320,8/1/2018,8/1/2018,8/1/2018,
Brazil,Fareway,Egg,OIP.QmZi4NF0oneSBemVOlJD6QHaFj (318×270) (bing.com),400,310,6/1/2018,6/1/2018,6/1/2018,
Brazil,Fareway,Egg,OIP.QmZi4NF0oneSBemVOlJD6QHaFj (318×270) (bing.com),143,280,4/1/2018,4/1/2018,4/1/2018,
Brazil,Fareway,Milk,OIP.UgraYuQTlY_DOnbUvKhYIgHaEK (444×266) (bing.com),1200,1200,12/1/2020,12/1/2020,12/1/2020,th (102×84) (bing.com)
Brazil,Fareway,Milk,OIP.UgraYuQTlY_DOnbUvKhYIgHaEK (444×266) (bing.com),1300,1002,10/1/2020,10/1/2020,10/1/2020,th (102×84) (bing.com)
Brazil,Fareway,Milk,OIP.UgraYuQTlY_DOnbUvKhYIgHaEK (444×266) (bing.com),700,1347,8/1/2020,8/1/2020,8/1/2020,th (102×84) (bing.com)
Brazil,Fareway,Milk,OIP.UgraYuQTlY_DOnbUvKhYIgHaEK (444×266) (bing.com),850,800,6/1/2020,6/1/2020,6/1/2020,th (102×84) (bing.com)
Brazil,Fareway,Milk,OIP.UgraYuQTlY_DOnbUvKhYIgHaEK (444×266) (bing.com),1300,890,4/1/2020,4/1/2020,4/1/2020,th (102×84) (bing.com)
Brazil,Fareway,Milk,OIP.UgraYuQTlY_DOnbUvKhYIgHaEK (444×266) (bing.com),560,679,2/1/2020,2/1/2020,2/1/2020,th (102×84) (bing.com)
Brazil,Fareway,Milk,OIP.UgraYuQTlY_DOnbUvKhYIgHaEK (444×266) (bing.com),503,989,12/1/2019,12/1/2019,12/1/2019,th (102×84) (bing.com)
Brazil,Fareway,Milk,OIP.UgraYuQTlY_DOnbUvKhYIgHaEK (444×266) (bing.com),1300,543,10/1/2019,10/1/2019,10/1/2019,th (102×84) (bing.com)
Brazil,Fareway,Milk,OIP.UgraYuQTlY_DOnbUvKhYIgHaEK (444×266) (bing.com),790,890,8/1/2019,8/1/2019,8/1/2019,th (102×84) (bing.com)
Brazil,Fareway,Milk,OIP.UgraYuQTlY_DOnbUvKhYIgHaEK (444×266) (bing.com),1300,998,6/1/2019,6/1/2019,6/1/2019,th (102×84) (bing.com)
Brazil,Fareway,Milk,OIP.UgraYuQTlY_DOnbUvKhYIgHaEK (444×266) (bing.com),365,980,4/1/2019,4/1/2019,4/1/2019,th (102×84) (bing.com)
Brazil,Fareway,Milk,OIP.UgraYuQTlY_DOnbUvKhYIgHaEK (444×266) (bing.com),1300,982,2/1/2019,2/1/2019,2/1/2019,th (102×84) (bing.com)
Brazil,Fareway,Milk,OIP.UgraYuQTlY_DOnbUvKhYIgHaEK (444×266) (bing.com),1300,541,12/1/2018,12/1/2018,12/1/2018,th (102×84) (bing.com)
Brazil,Fareway,Milk,OIP.UgraYuQTlY_DOnbUvKhYIgHaEK (444×266) (bing.com),765,989,10/1/2018,10/1/2018,10/1/2018,th (102×84) (bing.com)
Brazil,Fareway,Milk,OIP.UgraYuQTlY_DOnbUvKhYIgHaEK (444×266) (bing.com),1300,642,8/1/2018,8/1/2018,8/1/2018,th (102×84) (bing.com)
Brazil,Fareway,Milk,OIP.UgraYuQTlY_DOnbUvKhYIgHaEK (444×266) (bing.com),987,989,6/1/2018,6/1/2018,6/1/2018,th (102×84) (bing.com)
Brazil,Fareway,Milk,OIP.UgraYuQTlY_DOnbUvKhYIgHaEK (444×266) (bing.com),1300,776,4/1/2018,4/1/2018,4/1/2018,th (102×84) (bing.com)
Brazil,Smart & Final,Wheat,OIP.MfnNF17gaqwFk2cCqbxzOAHaD4 (474×248) (bing.com),650,650,12/1/2020,12/1/2020,12/1/2020,
Brazil,Smart & Final,Wheat,OIP.MfnNF17gaqwFk2cCqbxzOAHaD4 (474×248) (bing.com),580,520,11/1/2020,10/1/2020,10/1/2020,
Brazil,Smart & Final,Wheat,OIP.MfnNF17gaqwFk2cCqbxzOAHaD4 (474×248) (bing.com),600,620,8/1/2020,8/1/2020,8/1/2020,
Brazil,Smart & Final,Wheat,OIP.MfnNF17gaqwFk2cCqbxzOAHaD4 (474×248) (bing.com),660,670,6/1/2020,6/1/2020,6/1/2020,
Brazil,Smart & Final,Wheat,OIP.MfnNF17gaqwFk2cCqbxzOAHaD4 (474×248) (bing.com),700,610,4/1/2020,4/1/2020,4/1/2020,
Brazil,Smart & Final,Wheat,OIP.MfnNF17gaqwFk2cCqbxzOAHaD4 (474×248) (bing.com),560,615,2/1/2020,2/1/2020,2/1/2020,
Brazil,Smart & Final,Wheat,OIP.MfnNF17gaqwFk2cCqbxzOAHaD4 (474×248) (bing.com),800,580,12/1/2019,12/1/2019,12/1/2019,
Brazil,Smart & Final,Wheat,OIP.MfnNF17gaqwFk2cCqbxzOAHaD4 (474×248) (bing.com),450,450,10/1/2019,10/1/2019,10/1/2019,
Brazil,Smart & Final,Wheat,OIP.MfnNF17gaqwFk2cCqbxzOAHaD4 (474×248) (bing.com),550,610,8/1/2019,8/1/2019,8/1/2019,
Brazil,Smart & Final,Wheat,OIP.MfnNF17gaqwFk2cCqbxzOAHaD4 (474×248) (bing.com),800,700,6/1/2019,6/1/2019,6/1/2019,
Brazil,Smart & Final,Wheat,OIP.MfnNF17gaqwFk2cCqbxzOAHaD4 (474×248) (bing.com),780,680,4/1/2019,4/1/2019,4/1/2019,
Brazil,Smart & Final,Wheat,OIP.MfnNF17gaqwFk2cCqbxzOAHaD4 (474×248) (bing.com),660,590,2/1/2019,2/1/2019,2/1/2019,
Brazil,Smart & Final,Wheat,OIP.MfnNF17gaqwFk2cCqbxzOAHaD4 (474×248) (bing.com),560,620,12/1/2018,12/1/2018,12/1/2018,
Brazil,Smart & Final,Wheat,OIP.MfnNF17gaqwFk2cCqbxzOAHaD4 (474×248) (bing.com),672,610,10/1/2018,10/1/2018,10/1/2018,
Brazil,Smart & Final,Wheat,OIP.MfnNF17gaqwFk2cCqbxzOAHaD4 (474×248) (bing.com),660,700,8/1/2018,8/1/2018,8/1/2018,
Brazil,Smart & Final,Wheat,OIP.MfnNF17gaqwFk2cCqbxzOAHaD4 (474×248) (bing.com),450,530,6/1/2018,6/1/2018,6/1/2018,
Brazil,Smart & Final,Wheat,OIP.MfnNF17gaqwFk2cCqbxzOAHaD4 (474×248) (bing.com),700,450,4/1/2018,4/1/2018,4/1/2018,
Brazil,Smart & Final,Egg,OIP.QmZi4NF0oneSBemVOlJD6QHaFj (318×270) (bing.com),300,250,12/1/2020,12/1/2020,12/1/2020,
Brazil,Smart & Final,Egg,OIP.QmZi4NF0oneSBemVOlJD6QHaFj (318×270) (bing.com),400,340,10/1/2020,10/1/2020,10/1/2020,
Brazil,Smart & Final,Egg,OIP.QmZi4NF0oneSBemVOlJD6QHaFj (318×270) (bing.com),350,280,8/1/2020,8/1/2020,8/1/2020,
Brazil,Smart & Final,Egg,OIP.QmZi4NF0oneSBemVOlJD6QHaFj (318×270) (bing.com),400,300,6/1/2020,6/1/2020,6/1/2020,
Brazil,Smart & Final,Egg,OIP.QmZi4NF0oneSBemVOlJD6QHaFj (318×270) (bing.com),690,310,4/1/2020,4/1/2020,4/1/2020,
Brazil,Smart & Final,Egg,OIP.QmZi4NF0oneSBemVOlJD6QHaFj (318×270) (bing.com),250,290,2/1/2020,2/1/2020,2/1/2020,
Brazil,Smart & Final,Egg,OIP.QmZi4NF0oneSBemVOlJD6QHaFj (318×270) (bing.com),340,350,12/1/2019,12/1/2019,12/1/2019,
Brazil,Smart & Final,Egg,OIP.QmZi4NF0oneSBemVOlJD6QHaFj (318×270) (bing.com),267,370,10/1/2019,10/1/2019,10/1/2019,
Brazil,Smart & Final,Egg,OIP.QmZi4NF0oneSBemVOlJD6QHaFj (318×270) (bing.com),400,250,8/1/2019,8/1/2019,8/1/2019,
Brazil,Smart & Final,Egg,OIP.QmZi4NF0oneSBemVOlJD6QHaFj (318×270) (bing.com),256,201,6/1/2019,6/1/2019,6/1/2019,
Brazil,Smart & Final,Egg,OIP.QmZi4NF0oneSBemVOlJD6QHaFj (318×270) (bing.com),345,400,4/1/2019,4/1/2019,4/1/2019,
Brazil,Smart & Final,Egg,OIP.QmZi4NF0oneSBemVOlJD6QHaFj (318×270) (bing.com),400,200,2/1/2019,2/1/2019,2/1/2019,
Brazil,Smart & Final,Egg,OIP.QmZi4NF0oneSBemVOlJD6QHaFj (318×270) (bing.com),563,200,12/1/2018,12/1/2018,12/1/2018,
Brazil,Smart & Final,Egg,OIP.QmZi4NF0oneSBemVOlJD6QHaFj (318×270) (bing.com),378,300,10/1/2018,10/1/2018,10/1/2018,
Brazil,Smart & Final,Egg,OIP.QmZi4NF0oneSBemVOlJD6QHaFj (318×270) (bing.com),432,320,8/1/2018,8/1/2018,8/1/2018,
Brazil,Smart & Final,Egg,OIP.QmZi4NF0oneSBemVOlJD6QHaFj (318×270) (bing.com),400,250,6/1/2018,6/1/2018,6/1/2018,
Brazil,Smart & Final,Egg,OIP.QmZi4NF0oneSBemVOlJD6QHaFj (318×270) (bing.com),143,280,4/1/2018,4/1/2018,4/1/2018,
Brazil,Smart & Final,Milk,OIP.UgraYuQTlY_DOnbUvKhYIgHaEK (444×266) (bing.com),1150,1020,12/1/2020,12/1/2020,12/1/2020,th (102×84) (bing.com)
Brazil,Smart & Final,Milk,OIP.UgraYuQTlY_DOnbUvKhYIgHaEK (444×266) (bing.com),1300,820,10/1/2020,10/1/2020,10/1/2020,th (102×84) (bing.com)
Brazil,Smart & Final,Milk,OIP.UgraYuQTlY_DOnbUvKhYIgHaEK (444×266) (bing.com),660,1200,8/1/2020,8/1/2020,8/1/2020,th (102×84) (bing.com)
Brazil,Smart & Final,Milk,OIP.UgraYuQTlY_DOnbUvKhYIgHaEK (444×266) (bing.com),560,800,6/1/2020,6/1/2020,6/1/2020,th (102×84) (bing.com)
Brazil,Smart & Final,Milk,OIP.UgraYuQTlY_DOnbUvKhYIgHaEK (444×266) (bing.com),800,890,4/1/2020,4/1/2020,4/1/2020,th (102×84) (bing.com)
Brazil,Smart & Final,Milk,OIP.UgraYuQTlY_DOnbUvKhYIgHaEK (444×266) (bing.com),660,789,2/1/2020,2/1/2020,2/1/2020,th (102×84) (bing.com)
Brazil,Smart & Final,Milk,OIP.UgraYuQTlY_DOnbUvKhYIgHaEK (444×266) (bing.com),550,989,12/1/2019,12/1/2019,12/1/2019,th (102×84) (bing.com)
Brazil,Smart & Final,Milk,OIP.UgraYuQTlY_DOnbUvKhYIgHaEK (444×266) (bing.com),643,543,10/1/2019,10/1/2019,10/1/2019,th (102×84) (bing.com)
Brazil,Smart & Final,Milk,OIP.UgraYuQTlY_DOnbUvKhYIgHaEK (444×266) (bing.com),780,890,8/1/2019,8/1/2019,8/1/2019,th (102×84) (bing.com)
Brazil,Smart & Final,Milk,OIP.UgraYuQTlY_DOnbUvKhYIgHaEK (444×266) (bing.com),660,998,6/1/2019,6/1/2019,6/1/2019,th (102×84) (bing.com)
Brazil,Smart & Final,Milk,OIP.UgraYuQTlY_DOnbUvKhYIgHaEK (444×266) (bing.com),560,450,4/1/2019,4/1/2019,4/1/2019,th (102×84) (bing.com)
Brazil,Smart & Final,Milk,OIP.UgraYuQTlY_DOnbUvKhYIgHaEK (444×266) (bing.com),660,982,2/1/2019,2/1/2019,2/1/2019,th (102×84) (bing.com)
Brazil,Smart & Final,Milk,OIP.UgraYuQTlY_DOnbUvKhYIgHaEK (444×266) (bing.com),660,541,12/1/2018,12/1/2018,12/1/2018,th (102×84) (bing.com)
Brazil,Smart & Final,Milk,OIP.UgraYuQTlY_DOnbUvKhYIgHaEK (444×266) (bing.com),450,989,10/1/2018,10/1/2018,10/1/2018,th (102×84) (bing.com)
Brazil,Smart & Final,Milk,OIP.UgraYuQTlY_DOnbUvKhYIgHaEK (444×266) (bing.com),660,642,8/1/2018,8/1/2018,8/1/2018,th (102×84) (bing.com)
Brazil,Smart & Final,Milk,OIP.UgraYuQTlY_DOnbUvKhYIgHaEK (444×266) (bing.com),300,540,6/1/2018,6/1/2018,6/1/2018,th (102×84) (bing.com)
Brazil,Smart & Final,Milk,OIP.UgraYuQTlY_DOnbUvKhYIgHaEK (444×266) (bing.com),1200,776,4/1/2018,4/1/2018,4/1/2018,th (102×84) (bing.com)
Brazil,WinCo Foods,Wheat,OIP.MfnNF17gaqwFk2cCqbxzOAHaD4 (474×248) (bing.com),650,650,12/1/2020,12/1/2020,12/1/2020,
Brazil,WinCo Foods,Wheat,OIP.MfnNF17gaqwFk2cCqbxzOAHaD4 (474×248) (bing.com),700,520,11/1/2020,10/1/2020,10/1/2020,
Brazil,WinCo Foods,Wheat,OIP.MfnNF17gaqwFk2cCqbxzOAHaD4 (474×248) (bing.com),600,620,8/1/2020,8/1/2020,8/1/2020,
Brazil,WinCo Foods,Wheat,OIP.MfnNF17gaqwFk2cCqbxzOAHaD4 (474×248) (bing.com),660,670,6/1/2020,6/1/2020,6/1/2020,
Brazil,WinCo Foods,Wheat,OIP.MfnNF17gaqwFk2cCqbxzOAHaD4 (474×248) (bing.com),700,610,4/1/2020,4/1/2020,4/1/2020,
Brazil,WinCo Foods,Wheat,OIP.MfnNF17gaqwFk2cCqbxzOAHaD4 (474×248) (bing.com),560,615,2/1/2020,2/1/2020,2/1/2020,
Brazil,WinCo Foods,Wheat,OIP.MfnNF17gaqwFk2cCqbxzOAHaD4 (474×248) (bing.com),800,580,12/1/2019,12/1/2019,12/1/2019,
Brazil,WinCo Foods,Wheat,OIP.MfnNF17gaqwFk2cCqbxzOAHaD4 (474×248) (bing.com),450,450,10/1/2019,10/1/2019,10/1/2019,
Brazil,WinCo Foods,Wheat,OIP.MfnNF17gaqwFk2cCqbxzOAHaD4 (474×248) (bing.com),550,610,8/1/2019,8/1/2019,8/1/2019,
Brazil,WinCo Foods,Wheat,OIP.MfnNF17gaqwFk2cCqbxzOAHaD4 (474×248) (bing.com),800,700,6/1/2019,6/1/2019,6/1/2019,
Brazil,WinCo Foods,Wheat,OIP.MfnNF17gaqwFk2cCqbxzOAHaD4 (474×248) (bing.com),780,680,4/1/2019,4/1/2019,4/1/2019,
Brazil,WinCo Foods,Wheat,OIP.MfnNF17gaqwFk2cCqbxzOAHaD4 (474×248) (bing.com),660,590,2/1/2019,2/1/2019,2/1/2019,
Brazil,WinCo Foods,Wheat,OIP.MfnNF17gaqwFk2cCqbxzOAHaD4 (474×248) (bing.com),560,620,12/1/2018,12/1/2018,12/1/2018,
Brazil,WinCo Foods,Wheat,OIP.MfnNF17gaqwFk2cCqbxzOAHaD4 (474×248) (bing.com),672,610,10/1/2018,10/1/2018,10/1/2018,
Brazil,WinCo Foods,Wheat,OIP.MfnNF17gaqwFk2cCqbxzOAHaD4 (474×248) (bing.com),660,700,8/1/2018,8/1/2018,8/1/2018,
Brazil,WinCo Foods,Wheat,OIP.MfnNF17gaqwFk2cCqbxzOAHaD4 (474×248) (bing.com),450,530,6/1/2018,6/1/2018,6/1/2018,
Brazil,WinCo Foods,Wheat,OIP.MfnNF17gaqwFk2cCqbxzOAHaD4 (474×248) (bing.com),700,450,4/1/2018,4/1/2018,4/1/2018,
Brazil,WinCo Foods,Egg,OIP.QmZi4NF0oneSBemVOlJD6QHaFj (318×270) (bing.com),300,250,12/1/2020,12/1/2020,12/1/2020,
Brazil,WinCo Foods,Egg,OIP.QmZi4NF0oneSBemVOlJD6QHaFj (318×270) (bing.com),400,340,11/1/2020,10/1/2020,10/1/2020,
Brazil,WinCo Foods,Egg,OIP.QmZi4NF0oneSBemVOlJD6QHaFj (318×270) (bing.com),350,280,8/1/2020,8/1/2020,8/1/2020,
Brazil,WinCo Foods,Egg,OIP.QmZi4NF0oneSBemVOlJD6QHaFj (318×270) (bing.com),400,300,6/1/2020,6/1/2020,6/1/2020,
Brazil,WinCo Foods,Egg,OIP.QmZi4NF0oneSBemVOlJD6QHaFj (318×270) (bing.com),690,310,4/1/2020,4/1/2020,4/1/2020,
Brazil,WinCo Foods,Egg,OIP.QmZi4NF0oneSBemVOlJD6QHaFj (318×270) (bing.com),250,290,2/1/2020,2/1/2020,2/1/2020,
Brazil,WinCo Foods,Egg,OIP.QmZi4NF0oneSBemVOlJD6QHaFj (318×270) (bing.com),250,350,12/1/2019,12/1/2019,12/1/2019,
Brazil,WinCo Foods,Egg,OIP.QmZi4NF0oneSBemVOlJD6QHaFj (318×270) (bing.com),400,370,10/1/2019,10/1/2019,10/1/2019,
Brazil,WinCo Foods,Egg,OIP.QmZi4NF0oneSBemVOlJD6QHaFj (318×270) (bing.com),267,250,8/1/2019,8/1/2019,8/1/2019,
Brazil,WinCo Foods,Egg,OIP.QmZi4NF0oneSBemVOlJD6QHaFj (318×270) (bing.com),400,201,6/1/2019,6/1/2019,6/1/2019,
Brazil,WinCo Foods,Egg,OIP.QmZi4NF0oneSBemVOlJD6QHaFj (318×270) (bing.com),256,400,4/1/2019,4/1/2019,4/1/2019,
Brazil,WinCo Foods,Egg,OIP.QmZi4NF0oneSBemVOlJD6QHaFj (318×270) (bing.com),400,200,2/1/2019,2/1/2019,2/1/2019,
Brazil,WinCo Foods,Egg,OIP.QmZi4NF0oneSBemVOlJD6QHaFj (318×270) (bing.com),400,200,12/1/2018,12/1/2018,12/1/2018,
Brazil,WinCo Foods,Egg,OIP.QmZi4NF0oneSBemVOlJD6QHaFj (318×270) (bing.com),400,300,10/1/2018,10/1/2018,10/1/2018,
Brazil,WinCo Foods,Egg,OIP.QmZi4NF0oneSBemVOlJD6QHaFj (318×270) (bing.com),378,320,8/1/2018,8/1/2018,8/1/2018,
Brazil,WinCo Foods,Egg,OIP.QmZi4NF0oneSBemVOlJD6QHaFj (318×270) (bing.com),400,250,6/1/2018,6/1/2018,6/1/2018,
Brazil,WinCo Foods,Egg,OIP.QmZi4NF0oneSBemVOlJD6QHaFj (318×270) (bing.com),143,280,4/1/2018,4/1/2018,4/1/2018,
Brazil,WinCo Foods,Milk,OIP.UgraYuQTlY_DOnbUvKhYIgHaEK (444×266) (bing.com),1150,1020,12/1/2020,12/1/2020,12/1/2020,th (102×84) (bing.com)
Brazil,WinCo Foods,Milk,OIP.UgraYuQTlY_DOnbUvKhYIgHaEK (444×266) (bing.com),1300,820,11/1/2020,10/1/2020,10/1/2020,th (102×84) (bing.com)
Brazil,WinCo Foods,Milk,OIP.UgraYuQTlY_DOnbUvKhYIgHaEK (444×266) (bing.com),800,1200,8/1/2020,8/1/2020,8/1/2020,th (102×84) (bing.com)
Brazil,WinCo Foods,Milk,OIP.UgraYuQTlY_DOnbUvKhYIgHaEK (444×266) (bing.com),850,800,6/1/2020,6/1/2020,6/1/2020,th (102×84) (bing.com)
Brazil,WinCo Foods,Milk,OIP.UgraYuQTlY_DOnbUvKhYIgHaEK (444×266) (bing.com),1300,890,4/1/2020,4/1/2020,4/1/2020,th (102×84) (bing.com)
Brazil,WinCo Foods,Milk,OIP.UgraYuQTlY_DOnbUvKhYIgHaEK (444×266) (bing.com),700,789,2/1/2020,2/1/2020,2/1/2020,th (102×84) (bing.com)
Brazil,WinCo Foods,Milk,OIP.UgraYuQTlY_DOnbUvKhYIgHaEK (444×266) (bing.com),765,989,12/1/2019,12/1/2019,12/1/2019,th (102×84) (bing.com)
Brazil,WinCo Foods,Milk,OIP.UgraYuQTlY_DOnbUvKhYIgHaEK (444×266) (bing.com),900,543,10/1/2019,10/1/2019,10/1/2019,th (102×84) (bing.com)
Brazil,WinCo Foods,Milk,OIP.UgraYuQTlY_DOnbUvKhYIgHaEK (444×266) (bing.com),700,890,8/1/2019,8/1/2019,8/1/2019,th (102×84) (bing.com)
Brazil,WinCo Foods,Milk,OIP.UgraYuQTlY_DOnbUvKhYIgHaEK (444×266) (bing.com),850,998,6/1/2019,6/1/2019,6/1/2019,th (102×84) (bing.com)
Brazil,WinCo Foods,Milk,OIP.UgraYuQTlY_DOnbUvKhYIgHaEK (444×266) (bing.com),1300,450,4/1/2019,4/1/2019,4/1/2019,th (102×84) (bing.com)
Brazil,WinCo Foods,Milk,OIP.UgraYuQTlY_DOnbUvKhYIgHaEK (444×266) (bing.com),560,982,2/1/2019,2/1/2019,2/1/2019,th (102×84) (bing.com)
Brazil,WinCo Foods,Milk,OIP.UgraYuQTlY_DOnbUvKhYIgHaEK (444×266) (bing.com),503,541,12/1/2018,12/1/2018,12/1/2018,th (102×84) (bing.com)
Brazil,WinCo Foods,Milk,OIP.UgraYuQTlY_DOnbUvKhYIgHaEK (444×266) (bing.com),1300,989,10/1/2018,10/1/2018,10/1/2018,th (102×84) (bing.com)
Brazil,WinCo Foods,Milk,OIP.UgraYuQTlY_DOnbUvKhYIgHaEK (444×266) (bing.com),790,642,8/1/2018,8/1/2018,8/1/2018,th (102×84) (bing.com)
Brazil,WinCo Foods,Milk,OIP.UgraYuQTlY_DOnbUvKhYIgHaEK (444×266) (bing.com),1300,540,6/1/2018,6/1/2018,6/1/2018,th (102×84) (bing.com)
Brazil,WinCo Foods,Milk,OIP.UgraYuQTlY_DOnbUvKhYIgHaEK (444×266) (bing.com),365,776,4/1/2018,4/1/2018,4/1/2018,th (102×84) (bing.com)
